{
    "loss": 4.278411388397217,
    "accuracy": 0.656862735748291
}