{
    "loss": 7.666166305541992,
    "accuracy": 0.47058823704719543
}